<?xml version="1.0"?>
<database>
  <element name="x_12167_analyzer_photo_analysis_results" type="collection" label="Photo Analysis Results" is_extendable="false" text_index="false" read_only="false" audit="false" access="public" caller_access="0" ws_access="false" read_access="true" alter_access="false" create_access="false" update_access="false" delete_access="false" actions_access="false" client_scripts_access="false" scriptable_table="false" attributes="">
    <element name="attachment" type="reference" active="true" array="false" audit="false" unique="false" label="Attachment" max_length="32" mandatory="true" read_only="false" choice="0" display="false" function_field="false" attributes="" spell_check="false" xml_view="false" table_reference="false" text_index="false" element_reference="false" primary="false"/>
    <element name="hr_case" type="reference" active="true" array="false" audit="false" unique="false" label="HR Case" max_length="32" mandatory="false" read_only="false" choice="0" display="false" function_field="false" attributes="" spell_check="false" xml_view="false" table_reference="false" text_index="false" element_reference="false" primary="false"/>
    <element name="analysis_status" type="string" active="true" array="false" audit="false" unique="false" label="Analysis Status" max_length="40" mandatory="false" read_only="false" choice="0" display="false" function_field="false" attributes="" spell_check="false" xml_view="false" table_reference="false" text_index="false" element_reference="false" primary="false">
      <choice>
        <element value="pending" label="Pending Analysis" inactive="false" inactive_on_update="false" sequence="0"/>
        <element value="in_progress" label="Analysis In Progress" inactive="false" inactive_on_update="false" sequence="1"/>
        <element value="completed" label="Analysis Completed" inactive="false" inactive_on_update="false" sequence="2"/>
        <element value="failed" label="Analysis Failed" inactive="false" inactive_on_update="false" sequence="3"/>
        <element value="error" label="Analysis Error" inactive="false" inactive_on_update="false" sequence="4"/>
      </choice>
    </element>
    <element name="fraud_risk_level" type="string" active="true" array="false" audit="false" unique="false" label="Fraud Risk Level" max_length="40" mandatory="false" read_only="false" choice="0" display="false" function_field="false" attributes="" spell_check="false" xml_view="false" table_reference="false" text_index="false" element_reference="false" primary="false">
      <choice>
        <element value="low" label="Low Risk" inactive="false" inactive_on_update="false" sequence="0"/>
        <element value="medium" label="Medium Risk" inactive="false" inactive_on_update="false" sequence="1"/>
        <element value="high" label="High Risk" inactive="false" inactive_on_update="false" sequence="2"/>
        <element value="critical" label="Critical Risk" inactive="false" inactive_on_update="false" sequence="3"/>
      </choice>
    </element>
    <element name="confidence_score" type="integer" active="true" array="false" audit="false" unique="false" label="Confidence Score" max_length="40" mandatory="false" read_only="false" choice="0" display="false" function_field="false" attributes="" spell_check="false" xml_view="false" table_reference="false" text_index="false" element_reference="false" primary="false"/>
    <element name="metadata_anomalies_found" type="boolean" active="true" array="false" audit="false" unique="false" label="Metadata Anomalies Found" max_length="40" mandatory="false" read_only="false" choice="0" display="false" function_field="false" attributes="" spell_check="false" xml_view="false" table_reference="false" text_index="false" element_reference="false" primary="false"/>
    <element name="pixelation_anomalies_found" type="boolean" active="true" array="false" audit="false" unique="false" label="Pixelation Anomalies Found" max_length="40" mandatory="false" read_only="false" choice="0" display="false" function_field="false" attributes="" spell_check="false" xml_view="false" table_reference="false" text_index="false" element_reference="false" primary="false"/>
    <element name="compression_artifacts_found" type="boolean" active="true" array="false" audit="false" unique="false" label="Compression Artifacts Found" max_length="40" mandatory="false" read_only="false" choice="0" display="false" function_field="false" attributes="" spell_check="false" xml_view="false" table_reference="false" text_index="false" element_reference="false" primary="false"/>
    <element name="timestamp_inconsistencies" type="boolean" active="true" array="false" audit="false" unique="false" label="Timestamp Inconsistencies" max_length="40" mandatory="false" read_only="false" choice="0" display="false" function_field="false" attributes="" spell_check="false" xml_view="false" table_reference="false" text_index="false" element_reference="false" primary="false"/>
    <element name="metadata_analysis_details" type="string" active="true" array="false" audit="false" unique="false" label="Metadata Analysis Details" max_length="4000" mandatory="false" read_only="false" choice="0" display="false" function_field="false" attributes="" spell_check="false" xml_view="false" table_reference="false" text_index="false" element_reference="false" primary="false"/>
    <element name="pixelation_analysis_details" type="string" active="true" array="false" audit="false" unique="false" label="Pixelation Analysis Details" max_length="4000" mandatory="false" read_only="false" choice="0" display="false" function_field="false" attributes="" spell_check="false" xml_view="false" table_reference="false" text_index="false" element_reference="false" primary="false"/>
    <element name="technical_findings" type="string" active="true" array="false" audit="false" unique="false" label="Technical Findings" max_length="4000" mandatory="false" read_only="false" choice="0" display="false" function_field="false" attributes="" spell_check="false" xml_view="false" table_reference="false" text_index="false" element_reference="false" primary="false"/>
    <element name="recommended_action" type="string" active="true" array="false" audit="false" unique="false" label="Recommended Action" max_length="40" mandatory="false" read_only="false" choice="0" display="false" function_field="false" attributes="" spell_check="false" xml_view="false" table_reference="false" text_index="false" element_reference="false" primary="false">
      <choice>
        <element value="no_action" label="No Action Required" inactive="false" inactive_on_update="false" sequence="0"/>
        <element value="review" label="Manual Review Recommended" inactive="false" inactive_on_update="false" sequence="1"/>
        <element value="investigate" label="Further Investigation Required" inactive="false" inactive_on_update="false" sequence="2"/>
        <element value="escalate" label="Escalate to Security Team" inactive="false" inactive_on_update="false" sequence="3"/>
      </choice>
    </element>
    <element name="analysis_started" type="glide_date_time" active="true" array="false" audit="false" unique="false" label="Analysis Started" max_length="40" mandatory="false" read_only="false" choice="0" display="false" function_field="false" attributes="" spell_check="false" xml_view="false" table_reference="false" text_index="false" element_reference="false" primary="false"/>
    <element name="analysis_completed" type="glide_date_time" active="true" array="false" audit="false" unique="false" label="Analysis Completed" max_length="40" mandatory="false" read_only="false" choice="0" display="false" function_field="false" attributes="" spell_check="false" xml_view="false" table_reference="false" text_index="false" element_reference="false" primary="false"/>
    <element name="file_name" type="string" active="true" array="false" audit="false" unique="false" label="File Name" max_length="255" mandatory="false" read_only="false" choice="0" display="false" function_field="false" attributes="" spell_check="false" xml_view="false" table_reference="false" text_index="false" element_reference="false" primary="false"/>
    <element name="file_size_bytes" type="integer" active="true" array="false" audit="false" unique="false" label="File Size (Bytes)" max_length="40" mandatory="false" read_only="false" choice="0" display="false" function_field="false" attributes="" spell_check="false" xml_view="false" table_reference="false" text_index="false" element_reference="false" primary="false"/>
    <element name="image_dimensions" type="string" active="true" array="false" audit="false" unique="false" label="Image Dimensions" max_length="50" mandatory="false" read_only="false" choice="0" display="false" function_field="false" attributes="" spell_check="false" xml_view="false" table_reference="false" text_index="false" element_reference="false" primary="false"/>
    <element name="error_message" type="string" active="true" array="false" audit="false" unique="false" label="Error Message" max_length="4000" mandatory="false" read_only="false" choice="0" display="false" function_field="false" attributes="" spell_check="false" xml_view="false" table_reference="false" text_index="false" element_reference="false" primary="false"/>
  </element>
</database>