<?xml version="1.0"?>
<record_update>
  <sys_app action="INSERT_OR_UPDATE">
    <sys_id>6a542251936936103b65f5532bba1006</sys_id>
    <sys_scope display_value="x_12167_analyzer">6a542251936936103b65f5532bba1006</sys_scope>
    <sys_update_name>sys_app_6a542251936936103b65f5532bba1006</sys_update_name>
    <active>true</active>
    <can_edit_in_studio>true</can_edit_in_studio>
    <enforce_license>log</enforce_license>
    <guided_setup_guid/>
    <hide_on_ui>false</hide_on_ui>
    <installed_as_dependency>false</installed_as_dependency>
    <js_level>es_latest</js_level>
    <licensable>true</licensable>
    <license_category>none</license_category>
    <license_model>none</license_model>
    <logo/>
    <menu/>
    <name>Document Analyzer</name>
    <package_json>x_12167_analyzer/x-12167-document-analyzer/1.0.0/package.json</package_json>
    <package_resolver_version>1.0.0</package_resolver_version>
    <private>false</private>
    <restrict_table_access>false</restrict_table_access>
    <runtime_access_tracking>permissive</runtime_access_tracking>
    <scope>x_12167_analyzer</scope>
    <scoped_administration>false</scoped_administration>
    <short_description/>
    <source>x_12167_analyzer</source>
    <subscription_entitlement/>
    <trackable>true</trackable>
    <uninstall_blocked>false</uninstall_blocked>
    <user_role/>
    <version>1.0.0</version>
  </sys_app>
</record_update>