<?xml version="1.0"?>
<record_update>
  <sys_ui_element action="INSERT_OR_UPDATE">
    <sys_id>15aa03c993adb2103b65f5532bba1027</sys_id>
    <sys_scope display_value="x_12167_analyzer">6a542251936936103b65f5532bba1006</sys_scope>
    <sys_update_name>sys_ui_element_15aa03c993adb2103b65f5532bba1027</sys_update_name>
    <element>.end_split</element>
    <position>4</position>
    <sys_ui_section>51aa03c993adb2103b65f5532bba1000</sys_ui_section>
    <type>.end_split</type>
  </sys_ui_element>
</record_update>