<?xml version="1.0"?>
<record_update>
  <sys_script_fix action="INSERT_OR_UPDATE">
    <sys_id>ae04c74d936db2103b65f5532bba10f9</sys_id>
    <sys_scope display_value="x_12167_analyzer">6a542251936936103b65f5532bba1006</sys_scope>
    <sys_update_name>sys_script_fix_ae04c74d936db2103b65f5532bba10f9</sys_update_name>
    <before>false</before>
    <name>Test Photo</name>
    <record_for_rollback>true</record_for_rollback>
    <script>// Call from any server-side script:
var engine = new PhotoAnalysisEngine();
var result = engine.analyzePhoto('03e1edf5432e021039cc824d2ab8f284');</script>
    <unloadable>false</unloadable>
  </sys_script_fix>
</record_update>