<?xml version="1.0"?>
<record_update>
  <sys_properties action="INSERT_OR_UPDATE">
    <sys_id>31c2308c52c94bf7934d75cc15b4bb1a</sys_id>
    <sys_scope display_value="x_12167_analyzer">6a542251936936103b65f5532bba1006</sys_scope>
    <sys_update_name>sys_properties_31c2308c52c94bf7934d75cc15b4bb1a</sys_update_name>
    <choices/>
    <description>Comma-separated list of supported file formats for analysis</description>
    <ignore_cache>false</ignore_cache>
    <is_private>false</is_private>
    <name>x_12167_analyzer.photo_analysis.supported_formats</name>
    <read_roles/>
    <suffix>photo_analysis.supported_formats</suffix>
    <type>string</type>
    <value>jpg,jpeg,png,gif,bmp,tiff,webp,pdf</value>
    <write_roles/>
  </sys_properties>
</record_update>