<?xml version="1.0"?>
<record_update>
  <sys_app_module action="INSERT_OR_UPDATE">
    <sys_id>d9976291268a489eafb824cf85b13759</sys_id>
    <sys_scope display_value="x_12167_analyzer">6a542251936936103b65f5532bba1006</sys_scope>
    <sys_update_name>sys_app_module_d9976291268a489eafb824cf85b13759</sys_update_name>
    <active>true</active>
    <application>974286216ab445f8b59ec0ef9eb80150</application>
    <filter>nameLIKEx_12167_analyzer.photo</filter>
    <hint>Manage photo analysis user roles and permissions</hint>
    <link_type>LIST</link_type>
    <name>sys_user_role</name>
    <order>310</order>
    <title>Photo Analysis Roles</title>
  </sys_app_module>
</record_update>