<?xml version="1.0"?>
<record_update>
  <sys_ux_lib_asset action="INSERT_OR_UPDATE">
    <sys_id>a84ddc41ac07460f933b13a332ba1e74</sys_id>
    <sys_scope display_value="x_12167_analyzer">6a542251936936103b65f5532bba1006</sys_scope>
    <sys_update_name>sys_ux_lib_asset_a84ddc41ac07460f933b13a332ba1e74</sys_update_name>
    <category>source_map</category>
    <checksum>2e56ccbfb395dda7c8db4b0827741cb8</checksum>
    <content><![CDATA[{"version":3,"file":"properties.jsdbx","sources":["../../src/client/properties.js"],"sourcesContent":["// Simple initialization script for properties page\nconsole.log('Photo Analysis Properties page loaded');\n\n// Add some basic interactivity\ndocument.addEventListener('DOMContentLoaded', function() {\n    const saveButton = document.getElementById('saveButton');\n    if (saveButton) {\n        saveButton.addEventListener('click', function() {\n            alert('Properties configuration saved!\\n\\n(This is a demo interface - implement actual ServiceNow property save functionality via Table API)');\n        });\n    }\n    \n    console.log('Photo Analysis Properties page initialized');\n});"],"names":["console","log","document","addEventListener","saveButton","getElementById","alert"],"mappings":"sBACAA,CAAQC,CAAAA,CAAAA,CAAAA,CAAAA,CAAAA,CAAAA,CAAAA,CAAAA,CAAAA,CAAG,CAAC,CAAA,CAAA,CAAA,CAAA,CAAA,CAAA,CAAA,CAAA,CAAA,CAAA,CAAA,CAAA,CAAA,CAAA,CAAA,CAAA,CAAA,CAAA,CAAA,CAAA,CAAA,CAAA,CAAA,CAAA,CAAA,CAAA,CAAA,CAAA,CAAA,CAAA,CAAA,CAAA,CAAA,CAAA,CAAA,CAAA,CAAA,CAAA,CAAA,CAAA,CAGZC,CAASC,CAAAA,CAAAA,CAAAA,CAAAA,CAAAA,CAAAA,CAAAA,CAAAA,CAAAA,CAAAA,CAAAA,CAAAA,CAAAA,CAAAA,CAAAA,CAAAA,CAAAA,CAAAA,CAAAA,CAAAA,CAAAA,CAAAA,CAAAA,CAAgB,CAAC,CAAA,CAAA,CAAA,CAAA,CAAA,CAAA,CAAA,CAAA,CAAA,CAAA,CAAA,CAAA,CAAA,CAAA,CAAA,CAAA,CAAA,CAAA,CAAoB,CAC1C,CAAA,CAAA,CAAA,CAAA,CAAA,CAAA,CAAA,CAAA,CAAA,CAAA,CAAA,CAAA,CAAA,CAAMC,CAAaF,CAAAA,CAAAA,CAAAA,CAAAA,CAAAA,CAAAA,CAAAA,CAAAA,CAAAA,CAAAA,CAAAA,CAAAA,CAAAA,CAAAA,CAAAA,CAAAA,CAAAA,CAAAA,CAASG,CAAc,CAAA,CAAA,CAAA,CAAA,CAAA,CAAA,CAAA,CAAA,CAAA,CAAA,CAAA,CAAA,CAAA,CAAC,CACvCD,CAAAA,CAAAA,CAAAA,CAAAA,CAAAA,CAAAA,CAAAA,CAAAA,CAAAA,CAAAA,CAAAA,CAAAA,CAAAA,CACAA,CAAAA,CAAAA,CAAAA,CAAAA,CAAAA,CAAAA,CAAAA,CAAAA,CAAAA,CAAAA,CAAAA,CAAAA,CAAAA,CAAAA,CAAAA,CAAAA,CAAAA,CAAAA,CAAAA,CAAAA,CAAAA,CAAWD,CAAgB,CAAA,CAAA,CAAA,CAAA,CAAA,CAAA,CAAA,CAAA,CAAA,CAAA,CAAA,CAAA,CAAA,CAAA,CAAA,CAAC,CAAS,CAAA,CAAA,CAAA,CAAA,CAAA,CAAA,CAAA,CAAA,CAAA,CAAA,CAAA,CAAA,CAAA,CAAA,CAAA,CAAA,CAAA,CACjCG,CAAM,CAAA,CAAA,CAAA,CAAA,CAAA,CAAA,CAAA,CAAA,CAAA,CAAA,CAAA,CAAA,CAAA,CAAA,CAAA,CAAA,CAAA,CAAA,CAAA,CAAA,CAAA,CAAA,CAAA,CAAA,CAAA,CAAA,CAAA,CAAA,CAAA,CAAA,CAAA,CAAA,CAAA,CAAA,CAAA,CAAA,CAAA,CAAA,CAAA,CAAA,CAAA,CAAA,CAAA,CAAA,CAAA,CAAA,CAAA,CAAA,CAAA,CAAA,CAAA,CAAA,CAAA,CAAA,CAAA,CAAA,CAAA,CAAA,CAAA,CAAA,CAAA,CAAA,CAAA,CAAA,CAAA,CAAA,CAAA,CAAA,CAAA,CAAA,CAAA,CAAA,CAAA,CAAA,CAAA,CAAA,CAAA,CAAA,CAAA,CAAA,CAAA,CAAA,CAAA,CAAA,CAAA,CAAA,CAAA,CAAA,CAAA,CAAA,CAAA,CAAA,CAAA,CAAA,CAAA,CAAA,CAAA,CAAA,CAAA,CAAA,CAAA,CAAA,CAAA,CAAA,CAAA,CAAA,CAAA,CAAA,CAAA,CAAA,CAAA,CAAA,CAAA,CAAA,CAAA,CAAA,CAAA,CAAA,CAAA,CAAA,CAAA,CAAA,CAAA,CAAA,CAAA,CAAA,CAAA,CAAA,CAAA,CAAA,CAAA,CAAA,CAAA,CAAA,CAAA,CAAA,CAAA,CAAA,CAAA,CAAA,CACV,CAGJN,CAAAA,CAAAA,CAAAA,CAAAA,CAAAA,CAAAA,CAAAA,CAAAA,CAAAA,CAAQC,CAAG,CAAA,CAAA,CAAC,CAChB,CAAA,CAAA,CAAA,CAAA,CAAA,CAAA,CAAA,CAAA,CAAA,CAAA,CAAA,CAAA,CAAA,CAAA,CAAA,CAAA,CAAA,CAAA,CAAA,CAAA,CAAA,CAAA,CAAA,CAAA,CAAA,CAAA,CAAA,CAAA,CAAA,CAAA,CAAA,CAAA,CAAA,CAAA,CAAA,CAAA,CAAA,CAAA,CAAA,CAAA,CAAA,CAAA,CAAA,CAAA,CAAA,CAAA"}]]></content>
    <es_module>false</es_module>
    <is_attachment>false</is_attachment>
    <mime_type>application/json</mime_type>
    <name>x_12167_analyzer/properties.js.map</name>
    <sys_package>6a542251936936103b65f5532bba1006</sys_package>
  </sys_ux_lib_asset>
</record_update>