<?xml version="1.0"?>
<record_update>
  <sys_app_module action="INSERT_OR_UPDATE">
    <sys_id>9ea95cc1284245d4abed1f0c2b71a8a7</sys_id>
    <sys_scope display_value="x_12167_analyzer">6a542251936936103b65f5532bba1006</sys_scope>
    <sys_update_name>sys_app_module_9ea95cc1284245d4abed1f0c2b71a8a7</sys_update_name>
    <active>true</active>
    <application>974286216ab445f8b59ec0ef9eb80150</application>
    <hint>Test photo analysis functionality with attachment uploads</hint>
    <link_type>LIST</link_type>
    <name>x_12167_analyzer_photo_test_cases</name>
    <order>210</order>
    <title>Test Photo Analysis</title>
  </sys_app_module>
</record_update>