<?xml version="1.0"?>
<record_update>
  <sys_module action="INSERT_OR_UPDATE">
    <sys_id>fe9dbfeba45e4537aecc64e498cd574f</sys_id>
    <sys_scope display_value="x_12167_analyzer">6a542251936936103b65f5532bba1006</sys_scope>
    <sys_update_name>sys_module_fe9dbfeba45e4537aecc64e498cd574f</sys_update_name>
    <content><![CDATA[import { gs } from '@servicenow/glide'

export default function() {
    return gs.hasRole('x_12167_analyzer.photo_analyst')
}]]></content>
    <external_source>false</external_source>
    <path>x_12167_analyzer/x-12167-document-analyzer/1.0.0/src/server/acl-scripts/photo-analyst-read.js</path>
    <sys_name>x_12167_analyzer/x-12167-document-analyzer/1.0.0/src/server/acl-scripts/photo-analyst-read.js</sys_name>
  </sys_module>
</record_update>