<?xml version="1.0"?>
<record_update>
  <sys_app_module action="INSERT_OR_UPDATE">
    <sys_id>677aa1b3c9b848f4840e6982146d273f</sys_id>
    <sys_scope display_value="x_12167_analyzer">6a542251936936103b65f5532bba1006</sys_scope>
    <sys_update_name>sys_app_module_677aa1b3c9b848f4840e6982146d273f</sys_update_name>
    <active>true</active>
    <application>974286216ab445f8b59ec0ef9eb80150</application>
    <link_type>SEPARATOR</link_type>
    <order>300</order>
    <title>Administration</title>
  </sys_app_module>
</record_update>