<?xml version="1.0"?>
<record_update>
  <sys_properties action="INSERT_OR_UPDATE">
    <sys_id>fe07de195fea429989f78593d6aa30f7</sys_id>
    <sys_scope display_value="x_12167_analyzer">6a542251936936103b65f5532bba1006</sys_scope>
    <sys_update_name>sys_properties_fe07de195fea429989f78593d6aa30f7</sys_update_name>
    <choices>debug,info,warn,error</choices>
    <description>Log level for photo analysis engine (debug, info, warn, error)</description>
    <ignore_cache>false</ignore_cache>
    <is_private>false</is_private>
    <name>x_12167_analyzer.photo_analysis.log_level</name>
    <read_roles/>
    <suffix>photo_analysis.log_level</suffix>
    <type>choicelist</type>
    <value>info</value>
    <write_roles/>
  </sys_properties>
</record_update>