<?xml version="1.0"?>
<record_update>
  <sys_properties action="INSERT_OR_UPDATE">
    <sys_id>ce1459d78a984d22b746bddae9f92abd</sys_id>
    <sys_scope display_value="x_12167_analyzer">6a542251936936103b65f5532bba1006</sys_scope>
    <sys_update_name>sys_properties_ce1459d78a984d22b746bddae9f92abd</sys_update_name>
    <choices/>
    <description>Enable analysis of embedded images within PDF files</description>
    <ignore_cache>false</ignore_cache>
    <is_private>false</is_private>
    <name>x_12167_analyzer.photo_analysis.pdf_processing_enabled</name>
    <read_roles/>
    <suffix>photo_analysis.pdf_processing_enabled</suffix>
    <type>boolean</type>
    <value>true</value>
    <write_roles/>
  </sys_properties>
</record_update>