<?xml version="1.0"?>
<record_update>
  <sys_app_application action="INSERT_OR_UPDATE">
    <sys_id>974286216ab445f8b59ec0ef9eb80150</sys_id>
    <sys_scope display_value="x_12167_analyzer">6a542251936936103b65f5532bba1006</sys_scope>
    <sys_update_name>sys_app_application_974286216ab445f8b59ec0ef9eb80150</sys_update_name>
    <active>true</active>
    <category>a02d1463e56b46c1bb2f4ba29b8f2f5a</category>
    <description>Document analysis application for detecting fraudulent documents and images</description>
    <device_type>browser</device_type>
    <hint>Analyze photos and PDFs for anomalies and fraud detection in HR cases</hint>
    <name/>
    <order>100</order>
    <roles>x_12167_analyzer.photo_analyst</roles>
    <title>Document Analysis &amp; Fraud Detection</title>
  </sys_app_application>
</record_update>