<?xml version="1.0"?>
<record_update>
  <sys_properties action="INSERT_OR_UPDATE">
    <sys_id>d83391e785154640882c3c3b74117308</sys_id>
    <sys_scope display_value="x_12167_analyzer">6a542251936936103b65f5532bba1006</sys_scope>
    <sys_update_name>sys_properties_d83391e785154640882c3c3b74117308</sys_update_name>
    <choices/>
    <description>Enable automatic photo analysis when attachments are added to HR cases</description>
    <ignore_cache>false</ignore_cache>
    <is_private>false</is_private>
    <name>x_12167_analyzer.photo_analysis.auto_analysis_enabled</name>
    <read_roles/>
    <suffix>photo_analysis.auto_analysis_enabled</suffix>
    <type>boolean</type>
    <value>true</value>
    <write_roles/>
  </sys_properties>
</record_update>