<?xml version="1.0"?>
<record_update>
  <sys_kmf_module_key_policy action="INSERT_OR_UPDATE">
    <sys_id>115a4ed9936536103b65f5532bba10fb</sys_id>
    <sys_scope display_value="x_12167_analyzer">6a542251936936103b65f5532bba1006</sys_scope>
    <sys_update_name>sys_kmf_module_key_policy_115a4ed9936536103b65f5532bba10fb</sys_update_name>
    <crypto_module>550cd0b07722201099808d1168106121</crypto_module>
    <key_type>ca005cf7c7103300af4d43c6f0976328</key_type>
    <last_enforced>2025-11-30 13:52:07</last_enforced>
    <result>reject</result>
  </sys_kmf_module_key_policy>
</record_update>