<?xml version="1.0"?>
<record_update>
  <sys_properties action="INSERT_OR_UPDATE">
    <sys_id>5f6a29ecde6a4e7caf8f457356fda516</sys_id>
    <sys_scope display_value="x_12167_analyzer">6a542251936936103b65f5532bba1006</sys_scope>
    <sys_update_name>sys_properties_5f6a29ecde6a4e7caf8f457356fda516</sys_update_name>
    <choices/>
    <description>Minimum confidence score (0-100) required for high-confidence fraud detection</description>
    <ignore_cache>false</ignore_cache>
    <is_private>false</is_private>
    <name>x_12167_analyzer.photo_analysis.confidence_threshold</name>
    <read_roles/>
    <suffix>photo_analysis.confidence_threshold</suffix>
    <type>integer</type>
    <value>75</value>
    <write_roles/>
  </sys_properties>
</record_update>